location	Wuhan	#4784C8
location	San Francisco	#67AE95
location	Maricopa County	#98BD5E
location	East Feliciana Parish	#CDB642
location	Madison	#E68634

division	Iran	#5E1D9D
division	India	#501EA9
division	Sri Lanka	#4A27B2
division	Thailand	#4531BB
division	Malaysia	#403AC4
division	China	#3F46C9
division	Hubei	#3F52CD
division	Beijing	#3F5ED0
division	Ho Chi Minh City	#4169CF
division	Taiwan	#4274CE
division	South Korea	#457ECB
division	Saitama	#4887C6
division	Victoria	#4C90C0
division	Spain	#5098B9
division	France	#559EB1
division	Netherlands	#59A4A9
division	Bavaria	#5FA9A0
division	Athens	#65AD97
division	Uruguay	#6BB18E
division	Jamaica	#72B485
division	Hawaii	#79B77C
division	Alaska	#81B973
division	Washington	#89BB6B
division	California	#91BC64
division	Idaho	#99BD5D
division	Utah	#A2BE57
division	Arizona	#AABD52
division	Nebraska	#B3BD4D
division	USA	#BBBC49
division	Louisiana	#C3BA46
division	Wisconsin	#CBB842
division	Illinois	#D1B340
division	Indiana	#D7AF3E
division	Michigan	#DDAA3C
division	Georgia	#E0A23A
division	Ohio	#E39B39
division	Florida	#E69237
division	South Carolina	#E68735
division	North Carolina	#E67B32
division	Virginia	#E66F30
division	Pennsylvania	#E3612D
division	New York	#E1532B
division	Connecticut	#DF4528
division	Massachusetts	#DD3625
division	Guam	#DB2823

country	Iran	#5E1D9D
country	India	#482BB6
country	Sri Lanka	#3F45C8
country	Thailand	#3F62D0
country	Malaysia	#447DCC
country	China	#4D92BF
country	Vietnam	#58A2AC
country	Taiwan	#66AE96
country	South Korea	#76B680
country	Japan	#89BB6B
country	Australia	#9DBE5A
country	Spain	#B2BD4D
country	France	#C5B945
country	Netherlands	#D5B03F
country	Germany	#E1A13A
country	Greece	#E68B35
country	Uruguay	#E56E30
country	Jamaica	#E04B29
country	USA	#DB2823

region	Asia	#4784C8
region	Oceania	#67AE95
region	Europe	#98BD5E
region	South America	#CDB642
region	North America	#E68634

recency	Older	#447CCD
recency	One month ago	#5EA9A1
recency	One week ago	#8ABB6A
recency	3-7 days ago	#BEBB48
recency	1-2 days ago	#E29E39
recency	New	#E2562B

clade_membership	20H (Beta, V2)	#3E5DD0
clade_membership	20I (Alpha, V1)	#4A8CC2
clade_membership	20J (Gamma, V3)	#60AA9E
clade_membership	21A (Delta)	#80B974
clade_membership	21B (Kappa)	#A6BE55
clade_membership	21C (Epsilon)	#CBB742
clade_membership	21D (Eta)	#E29D39
clade_membership	21E (Theta)	#E56A2F
clade_membership	21F (Iota)	#DB2823

emerging_lineage	A.23.1	#4D21AD
emerging_lineage	B.1.1.7 (Alpha)	#403FC6
emerging_lineage	B.1.1.519	#3F63CF
emerging_lineage	B.1.351 (Beta)	#4783C8
emerging_lineage	B.1.427/429 (Epsilon)	#539BB5
emerging_lineage	B.1.525 (Eta)	#63AC9B
emerging_lineage	B.1.526 (Iota)	#77B67F
emerging_lineage	B.1.617.1 (Kappa)	#8EBC66
emerging_lineage	B.1.617.2 (Delta)	#A8BD53
emerging_lineage	B.1.619	#C1BA47
emerging_lineage	B.1.620	#D6B03F
emerging_lineage	B.1.621	#E39C39
emerging_lineage	C.37	#E67C33
emerging_lineage	P.1 (Gamma)	#E1532B
emerging_lineage	P.3 (Theta)	#DB2823

pango_lineage	A	#5E1D9D
pango_lineage	A.1	#5D1D9D
pango_lineage	A.2	#5D1D9E
pango_lineage	A.2.1	#5C1D9E
pango_lineage	A.2.2	#5C1D9F
pango_lineage	A.2.3	#5B1D9F
pango_lineage	A.2.4	#5A1DA0
pango_lineage	A.2.5	#5A1DA1
pango_lineage	A.2.5.1	#591DA1
pango_lineage	A.2.5.2	#581DA2
pango_lineage	A.3	#581EA2
pango_lineage	A.4	#571EA3
pango_lineage	A.5	#571EA3
pango_lineage	A.6	#561EA4
pango_lineage	A.7	#551EA4
pango_lineage	A.8	#551EA5
pango_lineage	A.9	#541EA5
pango_lineage	A.10	#531EA6
pango_lineage	A.11	#531EA6
pango_lineage	A.12	#521EA7
pango_lineage	A.13	#521EA7
pango_lineage	A.14	#511EA8
pango_lineage	A.15	#501EA9
pango_lineage	A.16	#501EA9
pango_lineage	A.17	#4F1EAA
pango_lineage	A.18	#4F1FAA
pango_lineage	A.19	#4F1FAA
pango_lineage	A.20	#4F1FAB
pango_lineage	A.21	#4E20AB
pango_lineage	A.22	#4E20AC
pango_lineage	A.23	#4E21AC
pango_lineage	A.23.1	#4E21AC
pango_lineage	A.24	#4D21AD
pango_lineage	A.25	#4D22AD
pango_lineage	A.26	#4D22AE
pango_lineage	A.27	#4D23AE
pango_lineage	A.28	#4C23AE
pango_lineage	AA.1	#4C24AF
pango_lineage	AA.2	#4C24AF
pango_lineage	AA.3	#4C24B0
pango_lineage	AA.4	#4B25B0
pango_lineage	AA.5	#4B25B0
pango_lineage	AA.6	#4B26B1
pango_lineage	AA.7	#4B26B1
pango_lineage	AA.8	#4B26B2
pango_lineage	AB.1	#4A27B2
pango_lineage	AC.1	#4A27B3
pango_lineage	AD.1	#4A28B3
pango_lineage	AD.2	#4A28B3
pango_lineage	AD.2.1	#4929B4
pango_lineage	AE.1	#4929B4
pango_lineage	AE.2	#4929B5
pango_lineage	AE.3	#492AB5
pango_lineage	AE.4	#482AB5
pango_lineage	AE.5	#482BB6
pango_lineage	AE.6	#482BB6
pango_lineage	AE.7	#482CB7
pango_lineage	AE.8	#482CB7
pango_lineage	AF.1	#472CB7
pango_lineage	AG.1	#472DB8
pango_lineage	AH.1	#472DB8
pango_lineage	AH.2	#472EB9
pango_lineage	AH.3	#462EB9
pango_lineage	AJ.1	#462EB9
pango_lineage	AK.1	#462FBA
pango_lineage	AK.2	#462FBA
pango_lineage	AL.1	#4530BB
pango_lineage	AM.1	#4530BB
pango_lineage	AM.2	#4531BB
pango_lineage	AM.3	#4531BC
pango_lineage	AM.4	#4431BC
pango_lineage	AN.1	#4432BD
pango_lineage	AP.1	#4432BD
pango_lineage	AQ.1	#4433BD
pango_lineage	AQ.2	#4433BE
pango_lineage	AS.1	#4333BE
pango_lineage	AS.2	#4334BF
pango_lineage	AT.1	#4334BF
pango_lineage	B	#4335C0
pango_lineage	B.1	#4235C0
pango_lineage	B.1.1	#4236C0
pango_lineage	B.1.1.1	#4236C1
pango_lineage	B.1.1.2	#4236C1
pango_lineage	B.1.1.3	#4137C2
pango_lineage	B.1.1.4	#4137C2
pango_lineage	B.1.1.5	#4138C2
pango_lineage	B.1.1.6	#4138C3
pango_lineage	B.1.1.7	#4038C3
pango_lineage	B.1.1.8	#4039C4
pango_lineage	B.1.1.10	#4039C4
pango_lineage	B.1.1.12	#403AC4
pango_lineage	B.1.1.13	#403AC4
pango_lineage	B.1.1.14	#403BC5
pango_lineage	B.1.1.15	#403BC5
pango_lineage	B.1.1.16	#403CC5
pango_lineage	B.1.1.17	#403CC5
pango_lineage	B.1.1.20	#403DC5
pango_lineage	B.1.1.25	#403DC6
pango_lineage	B.1.1.26	#403EC6
pango_lineage	B.1.1.27	#403FC6
pango_lineage	B.1.1.28	#403FC6
pango_lineage	B.1.1.29	#4040C6
pango_lineage	B.1.1.30	#4040C6
pango_lineage	B.1.1.31	#4041C7
pango_lineage	B.1.1.32	#4041C7
pango_lineage	B.1.1.33	#4042C7
pango_lineage	B.1.1.34	#4042C7
pango_lineage	B.1.1.35	#3F43C7
pango_lineage	B.1.1.36	#3F43C8
pango_lineage	B.1.1.37	#3F44C8
pango_lineage	B.1.1.38	#3F44C8
pango_lineage	B.1.1.39	#3F45C8
pango_lineage	B.1.1.40	#3F45C8
pango_lineage	B.1.1.41	#3F46C8
pango_lineage	B.1.1.43	#3F46C9
pango_lineage	B.1.1.44	#3F47C9
pango_lineage	B.1.1.45	#3F48C9
pango_lineage	B.1.1.46	#3F48C9
pango_lineage	B.1.1.47	#3F49C9
pango_lineage	B.1.1.48	#3F49CA
pango_lineage	B.1.1.49	#3F4ACA
pango_lineage	B.1.1.50	#3F4ACA
pango_lineage	B.1.1.51	#3F4BCA
pango_lineage	B.1.1.52	#3F4BCA
pango_lineage	B.1.1.53	#3F4CCA
pango_lineage	B.1.1.54	#3F4CCB
pango_lineage	B.1.1.55	#3F4DCB
pango_lineage	B.1.1.56	#3F4DCB
pango_lineage	B.1.1.57	#3F4ECB
pango_lineage	B.1.1.58	#3F4ECB
pango_lineage	B.1.1.59	#3F4FCC
pango_lineage	B.1.1.60	#3F4FCC
pango_lineage	B.1.1.61	#3F50CC
pango_lineage	B.1.1.62	#3F50CC
pango_lineage	B.1.1.63	#3F51CC
pango_lineage	B.1.1.64	#3F52CC
pango_lineage	B.1.1.65	#3F52CD
pango_lineage	B.1.1.66	#3F53CD
pango_lineage	B.1.1.67	#3F53CD
pango_lineage	B.1.1.70	#3F54CD
pango_lineage	B.1.1.71	#3F54CD
pango_lineage	B.1.1.72	#3F55CE
pango_lineage	B.1.1.73	#3F55CE
pango_lineage	B.1.1.74	#3F56CE
pango_lineage	B.1.1.75	#3F56CE
pango_lineage	B.1.1.76	#3F57CE
pango_lineage	B.1.1.77	#3E57CE
pango_lineage	B.1.1.78	#3E58CF
pango_lineage	B.1.1.79	#3E58CF
pango_lineage	B.1.1.80	#3E59CF
pango_lineage	B.1.1.81	#3E59CF
pango_lineage	B.1.1.82	#3E5ACF
pango_lineage	B.1.1.83	#3E5AD0
pango_lineage	B.1.1.84	#3E5BD0
pango_lineage	B.1.1.85	#3E5CD0
pango_lineage	B.1.1.86	#3E5CD0
pango_lineage	B.1.1.87	#3E5DD0
pango_lineage	B.1.1.88	#3E5DD0
pango_lineage	B.1.1.89	#3E5ED0
pango_lineage	B.1.1.90	#3F5ED0
pango_lineage	B.1.1.91	#3F5ED0
pango_lineage	B.1.1.92	#3F5FD0
pango_lineage	B.1.1.93	#3F5FD0
pango_lineage	B.1.1.94	#3F60D0
pango_lineage	B.1.1.95	#3F60D0
pango_lineage	B.1.1.96	#3F61D0
pango_lineage	B.1.1.97	#3F61D0
pango_lineage	B.1.1.98	#3F62CF
pango_lineage	B.1.1.99	#3F62CF
pango_lineage	B.1.1.100	#3F63CF
pango_lineage	B.1.1.101	#4063CF
pango_lineage	B.1.1.102	#4064CF
pango_lineage	B.1.1.103	#4064CF
pango_lineage	B.1.1.104	#4065CF
pango_lineage	B.1.1.105	#4065CF
pango_lineage	B.1.1.106	#4066CF
pango_lineage	B.1.1.107	#4066CF
pango_lineage	B.1.1.108	#4067CF
pango_lineage	B.1.1.109	#4067CF
pango_lineage	B.1.1.110	#4068CF
pango_lineage	B.1.1.111	#4068CF
pango_lineage	B.1.1.112	#4069CF
pango_lineage	B.1.1.113	#4169CF
pango_lineage	B.1.1.114	#416ACF
pango_lineage	B.1.1.115	#416ACF
pango_lineage	B.1.1.116	#416BCF
pango_lineage	B.1.1.117	#416BCE
pango_lineage	B.1.1.118	#416CCE
pango_lineage	B.1.1.119	#416CCE
pango_lineage	B.1.1.120	#416DCE
pango_lineage	B.1.1.121	#416DCE
pango_lineage	B.1.1.122	#416ECE
pango_lineage	B.1.1.123	#416ECE
pango_lineage	B.1.1.124	#416FCE
pango_lineage	B.1.1.125	#426FCE
pango_lineage	B.1.1.126	#4270CE
pango_lineage	B.1.1.127	#4270CE
pango_lineage	B.1.1.128	#4271CE
pango_lineage	B.1.1.129	#4271CE
pango_lineage	B.1.1.130	#4271CE
pango_lineage	B.1.1.131	#4272CE
pango_lineage	B.1.1.132	#4272CE
pango_lineage	B.1.1.133	#4273CE
pango_lineage	B.1.1.134	#4273CE
pango_lineage	B.1.1.135	#4274CE
pango_lineage	B.1.1.136	#4374CD
pango_lineage	B.1.1.137	#4375CD
pango_lineage	B.1.1.138	#4375CD
pango_lineage	B.1.1.139	#4376CD
pango_lineage	B.1.1.140	#4376CD
pango_lineage	B.1.1.141	#4377CD
pango_lineage	B.1.1.142	#4377CD
pango_lineage	B.1.1.143	#4378CD
pango_lineage	B.1.1.144	#4378CD
pango_lineage	B.1.1.145	#4379CD
pango_lineage	B.1.1.146	#4379CD
pango_lineage	B.1.1.147	#437ACD
pango_lineage	B.1.1.148	#447ACD
pango_lineage	B.1.1.149	#447BCD
pango_lineage	B.1.1.150	#447BCD
pango_lineage	B.1.1.151	#447CCD
pango_lineage	B.1.1.152	#447CCD
pango_lineage	B.1.1.153	#447DCC
pango_lineage	B.1.1.154	#447DCC
pango_lineage	B.1.1.155	#447DCC
pango_lineage	B.1.1.156	#457ECC
pango_lineage	B.1.1.157	#457ECB
pango_lineage	B.1.1.158	#457ECB
pango_lineage	B.1.1.159	#457FCB
pango_lineage	B.1.1.160	#457FCB
pango_lineage	B.1.1.161	#4580CA
pango_lineage	B.1.1.162	#4580CA
pango_lineage	B.1.1.163	#4680CA
pango_lineage	B.1.1.164	#4681CA
pango_lineage	B.1.1.165	#4681C9
pango_lineage	B.1.1.166	#4682C9
pango_lineage	B.1.1.167	#4682C9
pango_lineage	B.1.1.168	#4682C9
pango_lineage	B.1.1.169	#4783C8
pango_lineage	B.1.1.170	#4783C8
pango_lineage	B.1.1.171	#4783C8
pango_lineage	B.1.1.172	#4784C8
pango_lineage	B.1.1.173	#4784C7
pango_lineage	B.1.1.174	#4785C7
pango_lineage	B.1.1.175	#4785C7
pango_lineage	B.1.1.176	#4885C7
pango_lineage	B.1.1.177	#4886C7
pango_lineage	B.1.1.178	#4886C6
pango_lineage	B.1.1.179	#4887C6
pango_lineage	B.1.1.180	#4887C6
pango_lineage	B.1.1.181	#4887C6
pango_lineage	B.1.1.182	#4988C5
pango_lineage	B.1.1.183	#4988C5
pango_lineage	B.1.1.184	#4988C5
pango_lineage	B.1.1.185	#4989C5
pango_lineage	B.1.1.186	#4989C4
pango_lineage	B.1.1.187	#498AC4
pango_lineage	B.1.1.189	#498AC4
pango_lineage	B.1.1.190	#4A8AC4
pango_lineage	B.1.1.191	#4A8BC3
pango_lineage	B.1.1.192	#4A8BC3
pango_lineage	B.1.1.193	#4A8CC3
pango_lineage	B.1.1.194	#4A8CC3
pango_lineage	B.1.1.195	#4A8CC2
pango_lineage	B.1.1.196	#4B8DC2
pango_lineage	B.1.1.197	#4B8DC2
pango_lineage	B.1.1.198	#4B8DC2
pango_lineage	B.1.1.199	#4B8EC1
pango_lineage	B.1.1.200	#4B8EC1
pango_lineage	B.1.1.201	#4B8FC1
pango_lineage	B.1.1.202	#4B8FC1
pango_lineage	B.1.1.203	#4C8FC0
pango_lineage	B.1.1.204	#4C90C0
pango_lineage	B.1.1.205	#4C90C0
pango_lineage	B.1.1.206	#4C91C0
pango_lineage	B.1.1.207	#4C91BF
pango_lineage	B.1.1.208	#4C91BF
pango_lineage	B.1.1.209	#4D92BF
pango_lineage	B.1.1.210	#4D92BF
pango_lineage	B.1.1.211	#4D92BE
pango_lineage	B.1.1.212	#4D93BE
pango_lineage	B.1.1.213	#4D93BE
pango_lineage	B.1.1.214	#4D94BE
pango_lineage	B.1.1.215	#4D94BD
pango_lineage	B.1.1.216	#4E94BD
pango_lineage	B.1.1.217	#4E95BD
pango_lineage	B.1.1.218	#4E95BD
pango_lineage	B.1.1.219	#4E95BC
pango_lineage	B.1.1.220	#4E96BC
pango_lineage	B.1.1.221	#4F96BC
pango_lineage	B.1.1.222	#4F96BB
pango_lineage	B.1.1.223	#4F97BB
pango_lineage	B.1.1.224	#4F97BB
pango_lineage	B.1.1.225	#4F97BA
pango_lineage	B.1.1.226	#5097BA
pango_lineage	B.1.1.227	#5098BA
pango_lineage	B.1.1.231	#5098B9
pango_lineage	B.1.1.232	#5098B9
pango_lineage	B.1.1.233	#5098B8
pango_lineage	B.1.1.234	#5199B8
pango_lineage	B.1.1.235	#5199B8
pango_lineage	B.1.1.236	#5199B7
pango_lineage	B.1.1.237	#519AB7
pango_lineage	B.1.1.238	#519AB7
pango_lineage	B.1.1.239	#529AB6
pango_lineage	B.1.1.240	#529AB6
pango_lineage	B.1.1.241	#529BB6
pango_lineage	B.1.1.242	#529BB5
pango_lineage	B.1.1.243	#539BB5
pango_lineage	B.1.1.244	#539BB4
pango_lineage	B.1.1.245	#539CB4
pango_lineage	B.1.1.246	#539CB4
pango_lineage	B.1.1.247	#539CB3
pango_lineage	B.1.1.248	#549DB3
pango_lineage	B.1.1.249	#549DB3
pango_lineage	B.1.1.250	#549DB2
pango_lineage	B.1.1.251	#549DB2
pango_lineage	B.1.1.252	#549EB2
pango_lineage	B.1.1.253	#559EB1
pango_lineage	B.1.1.254	#559EB1
pango_lineage	B.1.1.255	#559EB0
pango_lineage	B.1.1.256	#559FB0
pango_lineage	B.1.1.257	#569FB0
pango_lineage	B.1.1.258	#569FAF
pango_lineage	B.1.1.259	#56A0AF
pango_lineage	B.1.1.260	#56A0AF
pango_lineage	B.1.1.261	#56A0AE
pango_lineage	B.1.1.262	#57A0AE
pango_lineage	B.1.1.263	#57A1AE
pango_lineage	B.1.1.264	#57A1AD
pango_lineage	B.1.1.265	#57A1AD
pango_lineage	B.1.1.266	#57A1AC
pango_lineage	B.1.1.267	#58A2AC
pango_lineage	B.1.1.268	#58A2AC
pango_lineage	B.1.1.269	#58A2AB
pango_lineage	B.1.1.270	#58A3AB
pango_lineage	B.1.1.271	#58A3AB
pango_lineage	B.1.1.272	#59A3AA
pango_lineage	B.1.1.273	#59A3AA
pango_lineage	B.1.1.274	#59A4A9
pango_lineage	B.1.1.275	#59A4A9
pango_lineage	B.1.1.276	#5AA4A9
pango_lineage	B.1.1.277	#5AA4A8
pango_lineage	B.1.1.278	#5AA5A8
pango_lineage	B.1.1.279	#5AA5A8
pango_lineage	B.1.1.280	#5AA5A7
pango_lineage	B.1.1.281	#5BA6A7
pango_lineage	B.1.1.282	#5BA6A7
pango_lineage	B.1.1.283	#5BA6A6
pango_lineage	B.1.1.284	#5BA6A6
pango_lineage	B.1.1.285	#5BA7A5
pango_lineage	B.1.1.286	#5CA7A5
pango_lineage	B.1.1.287	#5CA7A5
pango_lineage	B.1.1.288	#5CA7A4
pango_lineage	B.1.1.289	#5CA8A4
pango_lineage	B.1.1.290	#5DA8A4
pango_lineage	B.1.1.291	#5DA8A3
pango_lineage	B.1.1.292	#5DA8A3
pango_lineage	B.1.1.293	#5DA8A2
pango_lineage	B.1.1.294	#5EA8A2
pango_lineage	B.1.1.295	#5EA9A1
pango_lineage	B.1.1.296	#5EA9A1
pango_lineage	B.1.1.297	#5FA9A1
pango_lineage	B.1.1.298	#5FA9A0
pango_lineage	B.1.1.299	#5FA9A0
pango_lineage	B.1.1.300	#5FA99F
pango_lineage	B.1.1.301	#60AA9F
pango_lineage	B.1.1.302	#60AA9F
pango_lineage	B.1.1.303	#60AA9E
pango_lineage	B.1.1.304	#60AA9E
pango_lineage	B.1.1.305	#61AA9D
pango_lineage	B.1.1.306	#61AB9D
pango_lineage	B.1.1.307	#61AB9D
pango_lineage	B.1.1.308	#61AB9C
pango_lineage	B.1.1.309	#62AB9C
pango_lineage	B.1.1.310	#62AB9B
pango_lineage	B.1.1.311	#62AB9B
pango_lineage	B.1.1.312	#63AC9B
pango_lineage	B.1.1.313	#63AC9A
pango_lineage	B.1.1.314	#63AC9A
pango_lineage	B.1.1.315	#63AC99
pango_lineage	B.1.1.316	#64AC99
pango_lineage	B.1.1.317	#64AD99
pango_lineage	B.1.1.318	#64AD98
pango_lineage	B.1.1.319	#64AD98
pango_lineage	B.1.1.320	#65AD97
pango_lineage	B.1.1.322	#65AD97
pango_lineage	B.1.1.323	#65AD96
pango_lineage	B.1.1.324	#66AE96
pango_lineage	B.1.1.325	#66AE96
pango_lineage	B.1.1.326	#66AE95
pango_lineage	B.1.1.327	#66AE95
pango_lineage	B.1.1.328	#67AE94
pango_lineage	B.1.1.329	#67AF94
pango_lineage	B.1.1.330	#67AF94
pango_lineage	B.1.1.331	#67AF93
pango_lineage	B.1.1.332	#68AF93
pango_lineage	B.1.1.333	#68AF92
pango_lineage	B.1.1.334	#68AF92
pango_lineage	B.1.1.335	#68B092
pango_lineage	B.1.1.336	#69B091
pango_lineage	B.1.1.337	#69B091
pango_lineage	B.1.1.338	#69B090
pango_lineage	B.1.1.339	#6AB090
pango_lineage	B.1.1.340	#6AB090
pango_lineage	B.1.1.341	#6AB18F
pango_lineage	B.1.1.342	#6AB18F
pango_lineage	B.1.1.343	#6BB18E
pango_lineage	B.1.1.344	#6BB18E
pango_lineage	B.1.1.345	#6BB18D
pango_lineage	B.1.1.346	#6BB28D
pango_lineage	B.1.1.347	#6CB28D
pango_lineage	B.1.1.348	#6CB28C
pango_lineage	B.1.1.349	#6CB28C
pango_lineage	B.1.1.350	#6DB28B
pango_lineage	B.1.1.351	#6DB28B
pango_lineage	B.1.1.352	#6DB38B
pango_lineage	B.1.1.353	#6DB38A
pango_lineage	B.1.1.354	#6EB38A
pango_lineage	B.1.1.355	#6EB389
pango_lineage	B.1.1.356	#6EB389
pango_lineage	B.1.1.357	#6FB389
pango_lineage	B.1.1.358	#6FB388
pango_lineage	B.1.1.359	#6FB488
pango_lineage	B.1.1.360	#70B487
pango_lineage	B.1.1.361	#70B487
pango_lineage	B.1.1.362	#70B487
pango_lineage	B.1.1.363	#71B486
pango_lineage	B.1.1.364	#71B486
pango_lineage	B.1.1.365	#71B486
pango_lineage	B.1.1.366	#71B485
pango_lineage	B.1.1.367	#72B485
pango_lineage	B.1.1.368	#72B484
pango_lineage	B.1.1.369	#72B584
pango_lineage	B.1.1.370	#73B584
pango_lineage	B.1.1.371	#73B583
pango_lineage	B.1.1.372	#73B583
pango_lineage	B.1.1.373	#74B582
pango_lineage	B.1.1.374	#74B582
pango_lineage	B.1.1.375	#74B582
pango_lineage	B.1.1.376	#75B581
pango_lineage	B.1.1.377	#75B581
pango_lineage	B.1.1.378	#75B681
pango_lineage	B.1.1.379	#76B680
pango_lineage	B.1.1.380	#76B680
pango_lineage	B.1.1.381	#76B67F
pango_lineage	B.1.1.382	#77B67F
pango_lineage	B.1.1.383	#77B67F
pango_lineage	B.1.1.384	#77B67E
pango_lineage	B.1.1.385	#78B67E
pango_lineage	B.1.1.386	#78B67D
pango_lineage	B.1.1.387	#78B77D
pango_lineage	B.1.1.388	#79B77D
pango_lineage	B.1.1.389	#79B77C
pango_lineage	B.1.1.391	#79B77C
pango_lineage	B.1.1.392	#7AB77B
pango_lineage	B.1.1.393	#7AB77B
pango_lineage	B.1.1.394	#7AB77B
pango_lineage	B.1.1.395	#7BB77A
pango_lineage	B.1.1.396	#7BB77A
pango_lineage	B.1.1.397	#7BB87A
pango_lineage	B.1.1.398	#7CB879
pango_lineage	B.1.1.399	#7CB879
pango_lineage	B.1.1.400	#7CB878
pango_lineage	B.1.1.401	#7DB878
pango_lineage	B.1.1.402	#7DB878
pango_lineage	B.1.1.403	#7DB877
pango_lineage	B.1.1.404	#7DB877
pango_lineage	B.1.1.405	#7EB876
pango_lineage	B.1.1.406	#7EB976
pango_lineage	B.1.1.407	#7EB976
pango_lineage	B.1.1.408	#7FB975
pango_lineage	B.1.1.409	#7FB975
pango_lineage	B.1.1.410	#7FB975
pango_lineage	B.1.1.411	#80B974
pango_lineage	B.1.1.412	#80B974
pango_lineage	B.1.1.413	#80B973
pango_lineage	B.1.1.414	#81B973
pango_lineage	B.1.1.415	#81BA73
pango_lineage	B.1.1.416	#81BA72
pango_lineage	B.1.1.417	#82BA72
pango_lineage	B.1.1.418	#82BA71
pango_lineage	B.1.1.419	#82BA71
pango_lineage	B.1.1.420	#83BA71
pango_lineage	B.1.1.421	#83BA70
pango_lineage	B.1.1.422	#83BA70
pango_lineage	B.1.1.423	#84BA70
pango_lineage	B.1.1.424	#84BA6F
pango_lineage	B.1.1.425	#84BA6F
pango_lineage	B.1.1.426	#85BA6F
pango_lineage	B.1.1.427	#85BA6E
pango_lineage	B.1.1.428	#86BB6E
pango_lineage	B.1.1.429	#86BB6E
pango_lineage	B.1.1.430	#86BB6D
pango_lineage	B.1.1.431	#87BB6D
pango_lineage	B.1.1.432	#87BB6D
pango_lineage	B.1.1.433	#87BB6C
pango_lineage	B.1.1.434	#88BB6C
pango_lineage	B.1.1.435	#88BB6C
pango_lineage	B.1.1.436	#89BB6C
pango_lineage	B.1.1.437	#89BB6B
pango_lineage	B.1.1.438	#89BB6B
pango_lineage	B.1.1.439	#8ABB6B
pango_lineage	B.1.1.440	#8ABB6A
pango_lineage	B.1.1.441	#8ABB6A
pango_lineage	B.1.1.442	#8BBB6A
pango_lineage	B.1.1.444	#8BBB69
pango_lineage	B.1.1.445	#8BBB69
pango_lineage	B.1.1.446	#8CBB69
pango_lineage	B.1.1.447	#8CBB68
pango_lineage	B.1.1.448	#8DBC68
pango_lineage	B.1.1.449	#8DBC68
pango_lineage	B.1.1.450	#8DBC67
pango_lineage	B.1.1.451	#8EBC67
pango_lineage	B.1.1.452	#8EBC67
pango_lineage	B.1.1.453	#8EBC66
pango_lineage	B.1.1.456	#8FBC66
pango_lineage	B.1.1.458	#8FBC66
pango_lineage	B.1.1.459	#8FBC65
pango_lineage	B.1.1.461	#90BC65
pango_lineage	B.1.1.462	#90BC65
pango_lineage	B.1.1.463	#91BC65
pango_lineage	B.1.1.464	#91BC64
pango_lineage	B.1.1.465	#91BC64
pango_lineage	B.1.1.466	#92BC64
pango_lineage	B.1.1.467	#92BC63
pango_lineage	B.1.1.480	#92BC63
pango_lineage	B.1.1.481	#93BC63
pango_lineage	B.1.1.482	#93BC62
pango_lineage	B.1.1.483	#93BD62
pango_lineage	B.1.1.484	#94BD62
pango_lineage	B.1.1.485	#94BD61
pango_lineage	B.1.1.486	#95BD61
pango_lineage	B.1.1.487	#95BD61
pango_lineage	B.1.1.500	#95BD60
pango_lineage	B.1.1.506	#96BD60
pango_lineage	B.1.1.507	#96BD60
pango_lineage	B.1.1.512	#96BD5F
pango_lineage	B.1.1.513	#97BD5F
pango_lineage	B.1.1.514	#97BD5F
pango_lineage	B.1.1.515	#97BD5E
pango_lineage	B.1.1.516	#98BD5E
pango_lineage	B.1.1.517	#98BD5E
pango_lineage	B.1.1.518	#99BD5D
pango_lineage	B.1.1.519	#99BD5D
pango_lineage	B.1.1.521	#99BD5D
pango_lineage	B.1.2	#9ABD5D
pango_lineage	B.1.3	#9ABE5C
pango_lineage	B.1.3.1	#9ABE5C
pango_lineage	B.1.3.2	#9BBE5C
pango_lineage	B.1.3.3	#9BBE5B
pango_lineage	B.1.3.4	#9CBE5B
pango_lineage	B.1.5	#9CBE5B
pango_lineage	B.1.5.2	#9CBE5B
pango_lineage	B.1.5.5	#9DBE5A
pango_lineage	B.1.5.6	#9DBE5A
pango_lineage	B.1.5.11	#9DBE5A
pango_lineage	B.1.5.12	#9EBE5A
pango_lineage	B.1.5.13	#9EBE59
pango_lineage	B.1.5.15	#9FBE59
pango_lineage	B.1.5.16	#9FBE59
pango_lineage	B.1.5.17	#9FBE59
pango_lineage	B.1.5.18	#A0BE59
pango_lineage	B.1.5.19	#A0BE58
pango_lineage	B.1.5.21	#A0BE58
pango_lineage	B.1.5.25	#A1BE58
pango_lineage	B.1.5.26	#A1BE58
pango_lineage	B.1.5.27	#A2BE57
pango_lineage	B.1.5.28	#A2BE57
pango_lineage	B.1.5.29	#A2BE57
pango_lineage	B.1.5.30	#A3BE57
pango_lineage	B.1.5.31	#A3BE56
pango_lineage	B.1.5.32	#A3BE56
pango_lineage	B.1.5.33	#A4BE56
pango_lineage	B.1.5.34	#A4BE56
pango_lineage	B.1.5.35	#A5BE56
pango_lineage	B.1.5.36	#A5BE55
pango_lineage	B.1.6	#A5BE55
pango_lineage	B.1.8	#A6BE55
pango_lineage	B.1.8.2	#A6BE55
pango_lineage	B.1.9	#A6BE54
pango_lineage	B.1.9.1	#A7BE54
pango_lineage	B.1.9.2	#A7BE54
pango_lineage	B.1.9.3	#A8BE54
pango_lineage	B.1.9.4	#A8BD53
pango_lineage	B.1.9.5	#A8BD53
pango_lineage	B.1.9.6	#A9BD53
pango_lineage	B.1.11	#A9BD53
pango_lineage	B.1.12	#AABD53
pango_lineage	B.1.13	#AABD52
pango_lineage	B.1.14	#AABD52
pango_lineage	B.1.19	#ABBD52
pango_lineage	B.1.21	#ABBD52
pango_lineage	B.1.22	#ABBD51
pango_lineage	B.1.22.1	#ACBD51
pango_lineage	B.1.23	#ACBD51
pango_lineage	B.1.25	#ADBD51
pango_lineage	B.1.26	#ADBD50
pango_lineage	B.1.34	#ADBD50
pango_lineage	B.1.35	#AEBD50
pango_lineage	B.1.36	#AEBD50
pango_lineage	B.1.36.1	#AEBD50
pango_lineage	B.1.36.2	#AFBD4F
pango_lineage	B.1.36.3	#AFBD4F
pango_lineage	B.1.36.4	#B0BD4F
pango_lineage	B.1.36.5	#B0BD4F
pango_lineage	B.1.36.6	#B0BD4E
pango_lineage	B.1.36.7	#B1BD4E
pango_lineage	B.1.36.8	#B1BD4E
pango_lineage	B.1.36.9	#B1BD4E
pango_lineage	B.1.36.10	#B2BD4D
pango_lineage	B.1.36.11	#B2BD4D
pango_lineage	B.1.36.12	#B3BD4D
pango_lineage	B.1.36.13	#B3BD4D
pango_lineage	B.1.36.14	#B3BD4D
pango_lineage	B.1.36.15	#B4BD4C
pango_lineage	B.1.36.16	#B4BD4C
pango_lineage	B.1.36.17	#B4BD4C
pango_lineage	B.1.36.17.1	#B5BD4C
pango_lineage	B.1.36.18	#B5BD4C
pango_lineage	B.1.36.19	#B5BD4C
pango_lineage	B.1.36.20	#B6BD4B
pango_lineage	B.1.36.21	#B6BD4B
pango_lineage	B.1.36.23	#B7BD4B
pango_lineage	B.1.36.24	#B7BD4B
pango_lineage	B.1.36.25	#B7BD4B
pango_lineage	B.1.36.26	#B8BC4B
pango_lineage	B.1.36.27	#B8BC4B
pango_lineage	B.1.36.28	#B8BC4A
pango_lineage	B.1.36.29	#B9BC4A
pango_lineage	B.1.36.31	#B9BC4A
pango_lineage	B.1.36.33	#B9BC4A
pango_lineage	B.1.36.34	#BABC4A
pango_lineage	B.1.36.35	#BABC4A
pango_lineage	B.1.36.36	#BABC49
pango_lineage	B.1.36.37	#BBBC49
pango_lineage	B.1.36.38	#BBBC49
pango_lineage	B.1.36.39	#BBBC49
pango_lineage	B.1.37	#BCBB49
pango_lineage	B.1.38	#BCBB49
pango_lineage	B.1.39	#BCBB49
pango_lineage	B.1.40	#BDBB48
pango_lineage	B.1.44	#BDBB48
pango_lineage	B.1.67	#BDBB48
pango_lineage	B.1.69	#BEBB48
pango_lineage	B.1.70	#BEBB48
pango_lineage	B.1.74	#BEBB48
pango_lineage	B.1.75	#BFBB48
pango_lineage	B.1.76	#BFBB47
pango_lineage	B.1.77	#C0BB47
pango_lineage	B.1.78	#C0BA47
pango_lineage	B.1.79	#C0BA47
pango_lineage	B.1.80	#C1BA47
pango_lineage	B.1.81	#C1BA47
pango_lineage	B.1.82	#C1BA47
pango_lineage	B.1.83	#C2BA46
pango_lineage	B.1.84	#C2BA46
pango_lineage	B.1.88	#C2BA46
pango_lineage	B.1.89	#C3BA46
pango_lineage	B.1.90	#C3BA46
pango_lineage	B.1.91	#C3BA46
pango_lineage	B.1.93	#C4BA45
pango_lineage	B.1.94	#C4B945
pango_lineage	B.1.95	#C4B945
pango_lineage	B.1.96	#C5B945
pango_lineage	B.1.97	#C5B945
pango_lineage	B.1.98	#C5B945
pango_lineage	B.1.102	#C6B945
pango_lineage	B.1.103	#C6B944
pango_lineage	B.1.104	#C6B944
pango_lineage	B.1.105	#C7B944
pango_lineage	B.1.106	#C7B944
pango_lineage	B.1.107	#C8B944
pango_lineage	B.1.108	#C8B944
pango_lineage	B.1.109	#C8B844
pango_lineage	B.1.110	#C9B843
pango_lineage	B.1.110.1	#C9B843
pango_lineage	B.1.110.2	#C9B843
pango_lineage	B.1.110.3	#CAB843
pango_lineage	B.1.111	#CAB843
pango_lineage	B.1.112	#CAB843
pango_lineage	B.1.113	#CBB843
pango_lineage	B.1.114	#CBB842
pango_lineage	B.1.115	#CBB742
pango_lineage	B.1.116	#CBB742
pango_lineage	B.1.117	#CCB742
pango_lineage	B.1.118	#CCB742
pango_lineage	B.1.119	#CCB742
pango_lineage	B.1.120	#CDB742
pango_lineage	B.1.124	#CDB642
pango_lineage	B.1.126	#CDB642
pango_lineage	B.1.127	#CDB642
pango_lineage	B.1.128	#CEB641
pango_lineage	B.1.131	#CEB641
pango_lineage	B.1.133	#CEB541
pango_lineage	B.1.134	#CEB541
pango_lineage	B.1.135	#CFB541
pango_lineage	B.1.136	#CFB541
pango_lineage	B.1.137	#CFB541
pango_lineage	B.1.138	#CFB441
pango_lineage	B.1.139	#D0B441
pango_lineage	B.1.140	#D0B441
pango_lineage	B.1.141	#D0B441
pango_lineage	B.1.142	#D1B440
pango_lineage	B.1.143	#D1B340
pango_lineage	B.1.144	#D1B340
pango_lineage	B.1.145	#D1B340
pango_lineage	B.1.146	#D2B340
pango_lineage	B.1.147	#D2B340
pango_lineage	B.1.149	#D2B240
pango_lineage	B.1.150	#D2B240
pango_lineage	B.1.151	#D3B240
pango_lineage	B.1.152	#D3B240
pango_lineage	B.1.153	#D3B23F
pango_lineage	B.1.154	#D3B13F
pango_lineage	B.1.156	#D4B13F
pango_lineage	B.1.157	#D4B13F
pango_lineage	B.1.158	#D4B13F
pango_lineage	B.1.159	#D5B13F
pango_lineage	B.1.160	#D5B03F
pango_lineage	B.1.160.1	#D5B03F
pango_lineage	B.1.160.2	#D5B03F
pango_lineage	B.1.160.3	#D6B03F
pango_lineage	B.1.160.4	#D6B03F
pango_lineage	B.1.160.5	#D6AF3E
pango_lineage	B.1.160.6	#D6AF3E
pango_lineage	B.1.160.7	#D7AF3E
pango_lineage	B.1.160.8	#D7AF3E
pango_lineage	B.1.160.9	#D7AF3E
pango_lineage	B.1.160.10	#D7AE3E
pango_lineage	B.1.160.11	#D8AE3E
pango_lineage	B.1.160.12	#D8AE3E
pango_lineage	B.1.160.13	#D8AE3E
pango_lineage	B.1.160.14	#D9AE3E
pango_lineage	B.1.160.15	#D9AE3E
pango_lineage	B.1.160.16	#D9AD3D
pango_lineage	B.1.160.17	#D9AD3D
pango_lineage	B.1.160.18	#DAAD3D
pango_lineage	B.1.160.19	#DAAD3D
pango_lineage	B.1.160.20	#DAAD3D
pango_lineage	B.1.160.21	#DAAC3D
pango_lineage	B.1.160.22	#DBAC3D
pango_lineage	B.1.160.23	#DBAC3D
pango_lineage	B.1.160.24	#DBAC3D
pango_lineage	B.1.160.25	#DBAC3D
pango_lineage	B.1.160.26	#DCAB3C
pango_lineage	B.1.160.27	#DCAB3C
pango_lineage	B.1.160.28	#DCAB3C
pango_lineage	B.1.160.29	#DCAB3C
pango_lineage	B.1.160.30	#DDAA3C
pango_lineage	B.1.160.31	#DDAA3C
pango_lineage	B.1.160.32	#DDAA3C
pango_lineage	B.1.160.33	#DDA93C
pango_lineage	B.1.161	#DDA93C
pango_lineage	B.1.162	#DDA93C
pango_lineage	B.1.163	#DDA83C
pango_lineage	B.1.164	#DEA83C
pango_lineage	B.1.165	#DEA83C
pango_lineage	B.1.166	#DEA73B
pango_lineage	B.1.167	#DEA73B
pango_lineage	B.1.168	#DEA63B
pango_lineage	B.1.169	#DEA63B
pango_lineage	B.1.170	#DEA63B
pango_lineage	B.1.173	#DFA53B
pango_lineage	B.1.177	#DFA53B
pango_lineage	B.1.177.1	#DFA53B
pango_lineage	B.1.177.2	#DFA43B
pango_lineage	B.1.177.3	#DFA43B
pango_lineage	B.1.177.4	#DFA43B
pango_lineage	B.1.177.5	#DFA33B
pango_lineage	B.1.177.6	#E0A33B
pango_lineage	B.1.177.7	#E0A33A
pango_lineage	B.1.177.8	#E0A23A
pango_lineage	B.1.177.9	#E0A23A
pango_lineage	B.1.177.10	#E0A23A
pango_lineage	B.1.177.11	#E0A13A
pango_lineage	B.1.177.12	#E0A13A
pango_lineage	B.1.177.13	#E1A13A
pango_lineage	B.1.177.14	#E1A03A
pango_lineage	B.1.177.15	#E1A03A
pango_lineage	B.1.177.16	#E1A03A
pango_lineage	B.1.177.17	#E19F3A
pango_lineage	B.1.177.18	#E19F3A
pango_lineage	B.1.177.19	#E19F39
pango_lineage	B.1.177.20	#E29E39
pango_lineage	B.1.177.21	#E29E39
pango_lineage	B.1.177.22	#E29E39
pango_lineage	B.1.177.23	#E29D39
pango_lineage	B.1.177.24	#E29D39
pango_lineage	B.1.177.25	#E29D39
pango_lineage	B.1.177.26	#E39C39
pango_lineage	B.1.177.27	#E39C39
pango_lineage	B.1.177.28	#E39C39
pango_lineage	B.1.177.29	#E39B39
pango_lineage	B.1.177.30	#E39B39
pango_lineage	B.1.177.31	#E39B39
pango_lineage	B.1.177.32	#E39A38
pango_lineage	B.1.177.33	#E49A38
pango_lineage	B.1.177.34	#E49A38
pango_lineage	B.1.177.35	#E49938
pango_lineage	B.1.177.36	#E49938
pango_lineage	B.1.177.37	#E49838
pango_lineage	B.1.177.38	#E49838
pango_lineage	B.1.177.39	#E49838
pango_lineage	B.1.177.40	#E59738
pango_lineage	B.1.177.41	#E59738
pango_lineage	B.1.177.42	#E59738
pango_lineage	B.1.177.43	#E59638
pango_lineage	B.1.177.44	#E59638
pango_lineage	B.1.177.45	#E59637
pango_lineage	B.1.177.46	#E59537
pango_lineage	B.1.177.47	#E69537
pango_lineage	B.1.177.48	#E69537
pango_lineage	B.1.177.49	#E69437
pango_lineage	B.1.177.50	#E69437
pango_lineage	B.1.177.51	#E69337
pango_lineage	B.1.177.52	#E69337
pango_lineage	B.1.177.53	#E69237
pango_lineage	B.1.177.54	#E69237
pango_lineage	B.1.177.55	#E69137
pango_lineage	B.1.177.56	#E69136
pango_lineage	B.1.177.57	#E69036
pango_lineage	B.1.177.58	#E69036
pango_lineage	B.1.177.59	#E68F36
pango_lineage	B.1.177.60	#E68F36
pango_lineage	B.1.177.61	#E68E36
pango_lineage	B.1.177.62	#E68E36
pango_lineage	B.1.177.63	#E68D36
pango_lineage	B.1.177.64	#E68D36
pango_lineage	B.1.177.65	#E68C36
pango_lineage	B.1.177.66	#E68C36
pango_lineage	B.1.177.67	#E68B35
pango_lineage	B.1.177.68	#E68B35
pango_lineage	B.1.177.69	#E68A35
pango_lineage	B.1.177.70	#E68A35
pango_lineage	B.1.177.71	#E68935
pango_lineage	B.1.177.72	#E68935
pango_lineage	B.1.177.73	#E68835
pango_lineage	B.1.177.74	#E68835
pango_lineage	B.1.177.75	#E68735
pango_lineage	B.1.177.76	#E68735
pango_lineage	B.1.177.77	#E68634
pango_lineage	B.1.177.78	#E68634
pango_lineage	B.1.177.79	#E68534
pango_lineage	B.1.177.80	#E68534
pango_lineage	B.1.177.81	#E68434
pango_lineage	B.1.177.82	#E68434
pango_lineage	B.1.177.83	#E68334
pango_lineage	B.1.177.84	#E68334
pango_lineage	B.1.177.85	#E68234
pango_lineage	B.1.177.86	#E68234
pango_lineage	B.1.177.87	#E68134
pango_lineage	B.1.177.88	#E68133
pango_lineage	B.1.177.89	#E68033
pango_lineage	B.1.178	#E68033
pango_lineage	B.1.179	#E67F33
pango_lineage	B.1.180	#E67F33
pango_lineage	B.1.181	#E67E33
pango_lineage	B.1.182	#E67E33
pango_lineage	B.1.183	#E67D33
pango_lineage	B.1.184	#E67D33
pango_lineage	B.1.185	#E67C33
pango_lineage	B.1.186	#E67C32
pango_lineage	B.1.187	#E67B32
pango_lineage	B.1.188	#E67B32
pango_lineage	B.1.189	#E67A32
pango_lineage	B.1.190	#E67A32
pango_lineage	B.1.191	#E67932
pango_lineage	B.1.192	#E67932
pango_lineage	B.1.193	#E67832
pango_lineage	B.1.194	#E67832
pango_lineage	B.1.195	#E67732
pango_lineage	B.1.196	#E67732
pango_lineage	B.1.197	#E67631
pango_lineage	B.1.198	#E67631
pango_lineage	B.1.199	#E67531
pango_lineage	B.1.200	#E67531
pango_lineage	B.1.201	#E67431
pango_lineage	B.1.202	#E67431
pango_lineage	B.1.203	#E67331
pango_lineage	B.1.204	#E67331
pango_lineage	B.1.205	#E67231
pango_lineage	B.1.206	#E67130
pango_lineage	B.1.207	#E67130
pango_lineage	B.1.208	#E67030
pango_lineage	B.1.209	#E66F30
pango_lineage	B.1.210	#E56F30
pango_lineage	B.1.211	#E56E30
pango_lineage	B.1.212	#E56E30
pango_lineage	B.1.213	#E56D30
pango_lineage	B.1.214	#E56C30
pango_lineage	B.1.214.1	#E56C2F
pango_lineage	B.1.214.2	#E56B2F
pango_lineage	B.1.214.3	#E56A2F
pango_lineage	B.1.214.4	#E56A2F
pango_lineage	B.1.215	#E5692F
pango_lineage	B.1.216	#E5692F
pango_lineage	B.1.217	#E4682F
pango_lineage	B.1.218	#E4672F
pango_lineage	B.1.219	#E4672E
pango_lineage	B.1.220	#E4662E
pango_lineage	B.1.221	#E4652E
pango_lineage	B.1.221.1	#E4652E
pango_lineage	B.1.221.2	#E4642E
pango_lineage	B.1.221.3	#E4642E
pango_lineage	B.1.221.4	#E4632E
pango_lineage	B.1.222	#E4622E
pango_lineage	B.1.223	#E3622D
pango_lineage	B.1.224	#E3612D
pango_lineage	B.1.225	#E3602D
pango_lineage	B.1.226	#E3602D
pango_lineage	B.1.227	#E35F2D
pango_lineage	B.1.228	#E35F2D
pango_lineage	B.1.229	#E35E2D
pango_lineage	B.1.230	#E35D2D
pango_lineage	B.1.232	#E35D2C
pango_lineage	B.1.233	#E35C2C
pango_lineage	B.1.234	#E25B2C
pango_lineage	B.1.235	#E25B2C
pango_lineage	B.1.236	#E25A2C
pango_lineage	B.1.237	#E25A2C
pango_lineage	B.1.238	#E2592C
pango_lineage	B.1.239	#E2582C
pango_lineage	B.1.240	#E2582B
pango_lineage	B.1.240.1	#E2572B
pango_lineage	B.1.240.2	#E2562B
pango_lineage	B.1.241	#E2562B
pango_lineage	B.1.242	#E2552B
pango_lineage	B.1.243	#E1552B
pango_lineage	B.1.243.1	#E1542B
pango_lineage	B.1.244	#E1532B
pango_lineage	B.1.245	#E1532A
pango_lineage	B.1.246	#E1522A
pango_lineage	B.1.247	#E1512A
pango_lineage	B.1.248	#E1512A
pango_lineage	B.1.249	#E1502A
pango_lineage	B.1.250	#E1502A
pango_lineage	B.1.251	#E14F2A
pango_lineage	B.1.252	#E04E2A
pango_lineage	B.1.253	#E04E2A
pango_lineage	B.1.254	#E04D29
pango_lineage	B.1.255	#E04D29
pango_lineage	B.1.256	#E04C29
pango_lineage	B.1.257	#E04B29
pango_lineage	B.1.258	#E04B29
pango_lineage	B.1.258.1	#E04A29
pango_lineage	B.1.258.2	#E04929
pango_lineage	B.1.258.3	#E04929
pango_lineage	B.1.258.4	#E04828
pango_lineage	B.1.258.5	#DF4728
pango_lineage	B.1.258.6	#DF4728
pango_lineage	B.1.258.7	#DF4628
pango_lineage	B.1.258.8	#DF4628
pango_lineage	B.1.258.9	#DF4528
pango_lineage	B.1.258.10	#DF4428
pango_lineage	B.1.258.11	#DF4428
pango_lineage	B.1.258.12	#DF4328
pango_lineage	B.1.258.13	#DF4227
pango_lineage	B.1.258.14	#DF4227
pango_lineage	B.1.258.15	#DF4127
pango_lineage	B.1.258.16	#DF4127
pango_lineage	B.1.258.17	#DF4027
pango_lineage	B.1.258.18	#DE3F27
pango_lineage	B.1.258.19	#DE3F27
pango_lineage	B.1.258.20	#DE3E27
pango_lineage	B.1.258.21	#DE3D27
pango_lineage	B.1.258.22	#DE3D26
pango_lineage	B.1.258.23	#DE3C26
pango_lineage	B.1.258.24	#DE3C26
pango_lineage	B.1.259	#DE3B26
pango_lineage	B.1.260	#DE3A26
pango_lineage	B.1.261	#DE3A26
pango_lineage	B.1.262	#DE3926
pango_lineage	B.1.263	#DE3826
pango_lineage	B.1.264	#DD3826
pango_lineage	B.1.264.1	#DD3725
pango_lineage	B.1.265	#DD3725
pango_lineage	B.1.266	#DD3625
pango_lineage	B.1.267	#DD3525
pango_lineage	B.1.268	#DD3525
pango_lineage	B.1.269	#DD3425
pango_lineage	B.1.270	#DD3325
pango_lineage	B.1.271	#DD3325
pango_lineage	B.1.272	#DD3225
pango_lineage	B.1.273	#DD3124
pango_lineage	B.1.274	#DD3124
pango_lineage	B.1.275	#DD3024
pango_lineage	B.1.276	#DC3024
pango_lineage	B.1.277	#DC2F24
pango_lineage	B.1.278	#DC2E24
pango_lineage	B.1.279	#DC2E24
pango_lineage	B.1.280	#DC2D24
pango_lineage	B.1.281	#DC2C24
pango_lineage	B.1.282	#DC2C24
pango_lineage	B.1.283	#DC2B23
pango_lineage	B.1.284	#DC2B23
pango_lineage	B.1.285	#DC2A23
pango_lineage	B.1.286	#DC2923
pango_lineage	B.1.287	#DC2923
pango_lineage	B.1.288	#DB2823
pango_lineage	B.1.289	#5E1D9D
pango_lineage	B.1.290	#5D1D9E
pango_lineage	B.1.291	#5C1D9F
pango_lineage	B.1.292	#5A1DA0
pango_lineage	B.1.293	#591DA1
pango_lineage	B.1.294	#581DA2
pango_lineage	B.1.295	#571EA3
pango_lineage	B.1.296	#561EA4
pango_lineage	B.1.297	#551EA5
pango_lineage	B.1.297.1	#531EA6
pango_lineage	B.1.298	#521EA7
pango_lineage	B.1.299	#511EA8
pango_lineage	B.1.300	#501EA9
pango_lineage	B.1.301	#4F1EAA
pango_lineage	B.1.302	#4F1FAB
pango_lineage	B.1.303	#4E20AB
pango_lineage	B.1.304	#4E21AC
pango_lineage	B.1.305	#4D22AD
pango_lineage	B.1.306	#4D22AE
pango_lineage	B.1.307	#4C23AF
pango_lineage	B.1.308	#4C24AF
pango_lineage	B.1.309	#4C25B0
pango_lineage	B.1.310	#4B26B1
pango_lineage	B.1.311	#4B26B2
pango_lineage	B.1.312	#4A27B2
pango_lineage	B.1.313	#4A28B3
pango_lineage	B.1.314	#4929B4
pango_lineage	B.1.315	#492AB5
pango_lineage	B.1.316	#482AB5
pango_lineage	B.1.317	#482BB6
pango_lineage	B.1.318	#472CB7
pango_lineage	B.1.319	#472DB8
pango_lineage	B.1.320	#472EB9
pango_lineage	B.1.321	#462EB9
pango_lineage	B.1.322	#462FBA
pango_lineage	B.1.323	#4530BB
pango_lineage	B.1.324	#4531BC
pango_lineage	B.1.325	#4432BC
pango_lineage	B.1.326	#4432BD
pango_lineage	B.1.327	#4333BE
pango_lineage	B.1.328	#4334BF
pango_lineage	B.1.329	#4335C0
pango_lineage	B.1.330	#4236C0
pango_lineage	B.1.331	#4236C1
pango_lineage	B.1.332	#4137C2
pango_lineage	B.1.333	#4138C3
pango_lineage	B.1.333.1	#4039C3
pango_lineage	B.1.334	#4039C4
pango_lineage	B.1.335	#403BC4
pango_lineage	B.1.336	#403CC5
pango_lineage	B.1.337	#403DC5
pango_lineage	B.1.338	#403EC6
pango_lineage	B.1.339	#403FC6
pango_lineage	B.1.340	#4040C6
pango_lineage	B.1.341	#4041C7
pango_lineage	B.1.342	#4042C7
pango_lineage	B.1.343	#3F43C7
pango_lineage	B.1.344	#3F44C8
pango_lineage	B.1.345	#3F45C8
pango_lineage	B.1.346	#3F46C8
pango_lineage	B.1.347	#3F47C9
pango_lineage	B.1.348	#3F48C9
pango_lineage	B.1.349	#3F49C9
pango_lineage	B.1.350	#3F4ACA
pango_lineage	B.1.350.1	#3F4BCA
pango_lineage	B.1.351	#3F4CCA
pango_lineage	B.1.351.1	#3F4DCB
pango_lineage	B.1.351.2	#3F4ECB
pango_lineage	B.1.352	#3F4FCB
pango_lineage	B.1.353	#3F50CC
pango_lineage	B.1.355	#3F51CC
pango_lineage	B.1.356	#3F52CC
pango_lineage	B.1.357	#3F53CD
pango_lineage	B.1.358	#3F54CD
pango_lineage	B.1.359	#3F55CD
pango_lineage	B.1.360	#3F56CE
pango_lineage	B.1.361	#3F57CE
pango_lineage	B.1.362	#3E58CF
pango_lineage	B.1.362.1	#3E59CF
pango_lineage	B.1.362.2	#3E5ACF
pango_lineage	B.1.363	#3E5BD0
pango_lineage	B.1.364	#3E5CD0
pango_lineage	B.1.365	#3E5DD0
pango_lineage	B.1.366	#3E5DD0
pango_lineage	B.1.367	#3F5ED0
pango_lineage	B.1.368	#3F5FD0
pango_lineage	B.1.369	#3F60D0
pango_lineage	B.1.369.1	#3F61D0
pango_lineage	B.1.370	#3F62CF
pango_lineage	B.1.371	#3F63CF
pango_lineage	B.1.372	#4064CF
pango_lineage	B.1.373	#4065CF
pango_lineage	B.1.374	#4066CF
pango_lineage	B.1.374.1	#4067CF
pango_lineage	B.1.375	#4068CF
pango_lineage	B.1.376	#4069CF
pango_lineage	B.1.377	#416ACF
pango_lineage	B.1.378	#416ACF
pango_lineage	B.1.379	#416BCE
pango_lineage	B.1.380	#416CCE
pango_lineage	B.1.381	#416DCE
pango_lineage	B.1.382	#416ECE
pango_lineage	B.1.383	#426FCE
pango_lineage	B.1.384	#4270CE
pango_lineage	B.1.385	#4271CE
pango_lineage	B.1.386	#4272CE
pango_lineage	B.1.387	#4273CE
pango_lineage	B.1.388	#4274CE
pango_lineage	B.1.389	#4375CD
pango_lineage	B.1.390	#4376CD
pango_lineage	B.1.391	#4376CD
pango_lineage	B.1.392	#4377CD
pango_lineage	B.1.393	#4378CD
pango_lineage	B.1.394	#4379CD
pango_lineage	B.1.395	#447ACD
pango_lineage	B.1.396	#447BCD
pango_lineage	B.1.397	#447CCD
pango_lineage	B.1.398	#447DCC
pango_lineage	B.1.399	#447ECC
pango_lineage	B.1.400	#457ECB
pango_lineage	B.1.401	#457FCB
pango_lineage	B.1.402	#4580CA
pango_lineage	B.1.403	#4680CA
pango_lineage	B.1.404	#4681C9
pango_lineage	B.1.405	#4682C9
pango_lineage	B.1.406	#4683C8
pango_lineage	B.1.407	#4783C8
pango_lineage	B.1.408	#4784C8
pango_lineage	B.1.409	#4785C7
pango_lineage	B.1.410	#4886C7
pango_lineage	B.1.411	#4886C6
pango_lineage	B.1.412	#4887C6
pango_lineage	B.1.413	#4988C5
pango_lineage	B.1.414	#4988C5
pango_lineage	B.1.415	#4989C4
pango_lineage	B.1.416	#498AC4
pango_lineage	B.1.416.1	#4A8BC3
pango_lineage	B.1.417	#4A8BC3
pango_lineage	B.1.418	#4A8CC2
pango_lineage	B.1.419	#4B8DC2
pango_lineage	B.1.420	#4B8EC2
pango_lineage	B.1.421	#4B8EC1
pango_lineage	B.1.422	#4B8FC1
pango_lineage	B.1.423	#4C90C0
pango_lineage	B.1.424	#4C91C0
pango_lineage	B.1.425	#4C91BF
pango_lineage	B.1.426	#4D92BF
pango_lineage	B.1.427	#4D93BE
pango_lineage	B.1.428	#4D93BE
pango_lineage	B.1.428.1	#4E94BD
pango_lineage	B.1.428.2	#4E95BD
pango_lineage	B.1.428.3	#4E96BC
pango_lineage	B.1.429	#4F96BC
pango_lineage	B.1.429.1	#4F97BB
pango_lineage	B.1.431	#4F97BA
pango_lineage	B.1.432	#5098BA
pango_lineage	B.1.433	#5098B9
pango_lineage	B.1.434	#5199B8
pango_lineage	B.1.435	#5199B7
pango_lineage	B.1.436	#519AB7
pango_lineage	B.1.437	#529AB6
pango_lineage	B.1.438	#529BB5
pango_lineage	B.1.438.1	#539BB5
pango_lineage	B.1.438.2	#539CB4
pango_lineage	B.1.438.3	#539CB3
pango_lineage	B.1.438.4	#549DB3
pango_lineage	B.1.439	#549DB2
pango_lineage	B.1.440	#559EB1
pango_lineage	B.1.441	#559EB1
pango_lineage	B.1.442	#559FB0
pango_lineage	B.1.443	#569FAF
pango_lineage	B.1.444	#56A0AE
pango_lineage	B.1.445	#57A0AE
pango_lineage	B.1.446	#57A1AD
pango_lineage	B.1.447	#57A1AC
pango_lineage	B.1.448	#58A2AC
pango_lineage	B.1.449	#58A2AB
pango_lineage	B.1.450	#59A3AA
pango_lineage	B.1.451	#59A4AA
pango_lineage	B.1.452	#59A4A9
pango_lineage	B.1.453	#5AA5A8
pango_lineage	B.1.454	#5AA5A8
pango_lineage	B.1.455	#5BA6A7
pango_lineage	B.1.456	#5BA6A6
pango_lineage	B.1.457	#5BA7A5
pango_lineage	B.1.457.1	#5CA7A5
pango_lineage	B.1.458	#5CA8A4
pango_lineage	B.1.459	#5DA8A3
pango_lineage	B.1.460	#5DA8A2
pango_lineage	B.1.461	#5EA9A2
pango_lineage	B.1.462	#5EA9A1
pango_lineage	B.1.463	#5FA9A0
pango_lineage	B.1.464	#5FAA9F
pango_lineage	B.1.465	#60AA9F
pango_lineage	B.1.466	#60AA9E
pango_lineage	B.1.466.1	#61AB9D
pango_lineage	B.1.466.2	#61AB9C
pango_lineage	B.1.467	#62AB9B
pango_lineage	B.1.468	#63AC9B
pango_lineage	B.1.469	#63AC9A
pango_lineage	B.1.470	#64AC99
pango_lineage	B.1.471	#64AD98
pango_lineage	B.1.472	#65AD98
pango_lineage	B.1.473	#65AD97
pango_lineage	B.1.474	#66AE96
pango_lineage	B.1.475	#66AE95
pango_lineage	B.1.476	#67AE94
pango_lineage	B.1.477	#67AF94
pango_lineage	B.1.478	#68AF93
pango_lineage	B.1.479	#68AF92
pango_lineage	B.1.480	#69B091
pango_lineage	B.1.481	#69B091
pango_lineage	B.1.482	#6AB090
pango_lineage	B.1.483	#6AB18F
pango_lineage	B.1.484	#6BB18E
pango_lineage	B.1.485	#6BB18D
pango_lineage	B.1.486	#6CB28D
pango_lineage	B.1.487	#6CB28C
pango_lineage	B.1.488	#6DB28B
pango_lineage	B.1.489	#6DB38A
pango_lineage	B.1.490	#6EB38A
pango_lineage	B.1.491	#6EB389
pango_lineage	B.1.492	#6FB388
pango_lineage	B.1.493	#70B487
pango_lineage	B.1.494	#70B487
pango_lineage	B.1.495	#71B486
pango_lineage	B.1.496	#72B485
pango_lineage	B.1.497	#72B484
pango_lineage	B.1.498	#73B584
pango_lineage	B.1.499	#73B583
pango_lineage	B.1.499.1	#74B582
pango_lineage	B.1.500	#75B581
pango_lineage	B.1.501	#75B681
pango_lineage	B.1.502	#76B680
pango_lineage	B.1.503	#76B67F
pango_lineage	B.1.504	#77B67F
pango_lineage	B.1.505	#78B67E
pango_lineage	B.1.506	#78B77D
pango_lineage	B.1.507	#79B77C
pango_lineage	B.1.508	#7AB77C
pango_lineage	B.1.509	#7AB77B
pango_lineage	B.1.510	#7BB77A
pango_lineage	B.1.511	#7BB879
pango_lineage	B.1.512	#7CB879
pango_lineage	B.1.513	#7DB878
pango_lineage	B.1.514	#7DB877
pango_lineage	B.1.515	#7EB876
pango_lineage	B.1.516	#7EB976
pango_lineage	B.1.517	#7FB975
pango_lineage	B.1.517.1	#80B974
pango_lineage	B.1.518	#80B973
pango_lineage	B.1.519	#81B973
pango_lineage	B.1.520	#82BA72
pango_lineage	B.1.521	#82BA71
pango_lineage	B.1.523	#83BA71
pango_lineage	B.1.524	#83BA70
pango_lineage	B.1.525	#84BA6F
pango_lineage	B.1.526	#85BA6F
pango_lineage	B.1.526.1	#86BB6E
pango_lineage	B.1.526.2	#86BB6D
pango_lineage	B.1.526.3	#87BB6D
pango_lineage	B.1.527	#88BB6C
pango_lineage	B.1.528	#88BB6C
pango_lineage	B.1.529	#89BB6B
pango_lineage	B.1.530	#8ABB6A
pango_lineage	B.1.531	#8ABB6A
pango_lineage	B.1.532	#8BBB69
pango_lineage	B.1.533	#8CBB69
pango_lineage	B.1.534	#8DBC68
pango_lineage	B.1.535	#8DBC67
pango_lineage	B.1.536	#8EBC67
pango_lineage	B.1.537	#8FBC66
pango_lineage	B.1.538	#8FBC66
pango_lineage	B.1.539	#90BC65
pango_lineage	B.1.540	#91BC64
pango_lineage	B.1.541	#91BC64
pango_lineage	B.1.542	#92BC63
pango_lineage	B.1.543	#93BC63
pango_lineage	B.1.544	#93BD62
pango_lineage	B.1.545	#94BD61
pango_lineage	B.1.546	#95BD61
pango_lineage	B.1.547	#96BD60
pango_lineage	B.1.548	#96BD60
pango_lineage	B.1.549	#97BD5F
pango_lineage	B.1.550	#98BD5E
pango_lineage	B.1.551	#98BD5E
pango_lineage	B.1.552	#99BD5D
pango_lineage	B.1.553	#9ABD5D
pango_lineage	B.1.554	#9ABE5C
pango_lineage	B.1.555	#9BBE5B
pango_lineage	B.1.556	#9CBE5B
pango_lineage	B.1.557	#9DBE5A
pango_lineage	B.1.558	#9DBE5A
pango_lineage	B.1.559	#9EBE5A
pango_lineage	B.1.560	#9FBE59
pango_lineage	B.1.561	#9FBE59
pango_lineage	B.1.562	#A0BE58
pango_lineage	B.1.563	#A1BE58
pango_lineage	B.1.564	#A2BE57
pango_lineage	B.1.564.1	#A2BE57
pango_lineage	B.1.565	#A3BE57
pango_lineage	B.1.566	#A4BE56
pango_lineage	B.1.567	#A4BE56
pango_lineage	B.1.568	#A5BE55
pango_lineage	B.1.569	#A6BE55
pango_lineage	B.1.570	#A7BE54
pango_lineage	B.1.571	#A7BE54
pango_lineage	B.1.572	#A8BD53
pango_lineage	B.1.573	#A9BD53
pango_lineage	B.1.574	#AABD53
pango_lineage	B.1.575	#AABD52
pango_lineage	B.1.575.1	#ABBD52
pango_lineage	B.1.576	#ACBD51
pango_lineage	B.1.577	#ACBD51
pango_lineage	B.1.578	#ADBD50
pango_lineage	B.1.579	#AEBD50
pango_lineage	B.1.580	#AFBD4F
pango_lineage	B.1.581	#AFBD4F
pango_lineage	B.1.582	#B0BD4F
pango_lineage	B.1.585	#B1BD4E
pango_lineage	B.1.586	#B1BD4E
pango_lineage	B.1.587	#B2BD4D
pango_lineage	B.1.588	#B3BD4D
pango_lineage	B.1.588.1	#B4BD4C
pango_lineage	B.1.589	#B4BD4C
pango_lineage	B.1.590	#B5BD4C
pango_lineage	B.1.591	#B6BD4C
pango_lineage	B.1.592	#B6BD4B
pango_lineage	B.1.593	#B7BD4B
pango_lineage	B.1.594	#B8BC4B
pango_lineage	B.1.595	#B8BC4A
pango_lineage	B.1.595.1	#B9BC4A
pango_lineage	B.1.595.2	#BABC4A
pango_lineage	B.1.595.3	#BABC4A
pango_lineage	B.1.595.4	#BBBC49
pango_lineage	B.1.596	#BCBC49
pango_lineage	B.1.596.1	#BCBB49
pango_lineage	B.1.597	#BDBB48
pango_lineage	B.1.598	#BEBB48
pango_lineage	B.1.599	#BEBB48
pango_lineage	B.1.600	#BFBB48
pango_lineage	B.1.601	#BFBB47
pango_lineage	B.1.602	#C0BA47
pango_lineage	B.1.603	#C1BA47
pango_lineage	B.1.604	#C1BA46
pango_lineage	B.1.605	#C2BA46
pango_lineage	B.1.606	#C3BA46
pango_lineage	B.1.607	#C3BA46
pango_lineage	B.1.608	#C4B945
pango_lineage	B.1.609	#C5B945
pango_lineage	B.1.610	#C5B945
pango_lineage	B.1.611	#C6B944
pango_lineage	B.1.612	#C7B944
pango_lineage	B.1.613	#C7B944
pango_lineage	B.1.614	#C8B944
pango_lineage	B.1.615	#C9B843
pango_lineage	B.1.616	#C9B843
pango_lineage	B.1.617	#CAB843
pango_lineage	B.1.617.1	#CBB842
pango_lineage	B.1.617.2	#CBB742
pango_lineage	B.1.617.3	#CCB742
pango_lineage	B.1.618	#CCB742
pango_lineage	B.1.619	#CDB642
pango_lineage	B.1.620	#CDB642
pango_lineage	B.1.621	#CEB641
pango_lineage	B.2.1	#CEB541
pango_lineage	B.2.6	#CFB541
pango_lineage	B.2.10	#CFB441
pango_lineage	B.2.11	#D0B441
pango_lineage	B.2.12	#D0B441
pango_lineage	B.3	#D1B340
pango_lineage	B.3.1	#D1B340
pango_lineage	B.4	#D2B340
pango_lineage	B.4.1	#D2B240
pango_lineage	B.4.2	#D3B240
pango_lineage	B.4.4	#D3B23F
pango_lineage	B.4.5	#D4B13F
pango_lineage	B.4.6	#D4B13F
pango_lineage	B.4.7	#D5B03F
pango_lineage	B.4.8	#D5B03F
pango_lineage	B.5	#D6B03F
pango_lineage	B.6	#D6AF3E
pango_lineage	B.6.1	#D7AF3E
pango_lineage	B.6.2	#D7AF3E
pango_lineage	B.6.3	#D8AE3E
pango_lineage	B.6.4	#D8AE3E
pango_lineage	B.6.5	#D9AD3D
pango_lineage	B.6.6	#D9AD3D
pango_lineage	B.6.7	#DAAD3D
pango_lineage	B.6.8	#DAAC3D
pango_lineage	B.10	#DBAC3D
pango_lineage	B.11	#DBAC3D
pango_lineage	B.12	#DCAB3C
pango_lineage	B.13	#DCAB3C
pango_lineage	B.14	#DDAA3C
pango_lineage	B.15	#DDA93C
pango_lineage	B.18	#DDA93C
pango_lineage	B.19	#DDA83C
pango_lineage	B.20	#DEA73B
pango_lineage	B.23	#DEA73B
pango_lineage	B.26	#DEA63B
pango_lineage	B.27	#DFA53B
pango_lineage	B.28	#DFA53B
pango_lineage	B.29	#DFA43B
pango_lineage	B.30	#DFA33B
pango_lineage	B.31	#E0A33A
pango_lineage	B.32	#E0A23A
pango_lineage	B.33	#E0A23A
pango_lineage	B.34	#E1A13A
pango_lineage	B.35	#E1A03A
pango_lineage	B.36	#E1A03A
pango_lineage	B.37	#E19F3A
pango_lineage	B.38	#E29E39
pango_lineage	B.39	#E29E39
pango_lineage	B.40	#E29D39
pango_lineage	B.41	#E29C39
pango_lineage	B.42	#E39C39
pango_lineage	B.43	#E39B39
pango_lineage	B.44	#E39A39
pango_lineage	B.45	#E49A38
pango_lineage	B.46	#E49938
pango_lineage	B.47	#E49838
pango_lineage	B.48	#E49838
pango_lineage	B.49	#E59738
pango_lineage	B.50	#E59738
pango_lineage	B.51	#E59638
pango_lineage	B.52	#E69537
pango_lineage	B.53	#E69537
pango_lineage	B.54	#E69437
pango_lineage	B.55	#E69337
pango_lineage	B.56	#E69237
pango_lineage	B.57	#E69136
pango_lineage	B.58	#E69036
pango_lineage	B.59	#E68F36
pango_lineage	B.60	#E68E36
pango_lineage	B.61	#E68D36
pango_lineage	C.1	#E68C36
pango_lineage	C.1.1	#E68B35
pango_lineage	C.2	#E68A35
pango_lineage	C.2.1	#E68935
pango_lineage	C.3	#E68835
pango_lineage	C.4	#E68735
pango_lineage	C.5	#E68634
pango_lineage	C.6	#E68534
pango_lineage	C.7	#E68434
pango_lineage	C.8	#E68334
pango_lineage	C.9	#E68234
pango_lineage	C.10	#E68234
pango_lineage	C.11	#E68133
pango_lineage	C.12	#E68033
pango_lineage	C.13	#E67F33
pango_lineage	C.14	#E67E33
pango_lineage	C.15	#E67D33
pango_lineage	C.16	#E67C32
pango_lineage	C.17	#E67B32
pango_lineage	C.18	#E67A32
pango_lineage	C.19	#E67932
pango_lineage	C.20	#E67832
pango_lineage	C.21	#E67732
pango_lineage	C.22	#E67631
pango_lineage	C.23	#E67531
pango_lineage	C.25	#E67431
pango_lineage	C.26	#E67331
pango_lineage	C.27	#E67231
pango_lineage	C.28	#E67130
pango_lineage	C.29	#E67030
pango_lineage	C.30	#E56E30
pango_lineage	C.30.1	#E56D30
pango_lineage	C.31	#E56C2F
pango_lineage	C.32	#E56B2F
pango_lineage	C.33	#E56A2F
pango_lineage	C.34	#E4682F
pango_lineage	C.35	#E4672F
pango_lineage	C.36	#E4662E
pango_lineage	C.36.1	#E4652E
pango_lineage	C.36.2	#E4642E
pango_lineage	C.37	#E4622E
pango_lineage	D.2	#E3612D
pango_lineage	D.3	#E3602D
pango_lineage	D.4	#E35F2D
pango_lineage	D.5	#E35E2D
pango_lineage	E.1	#E35D2C
pango_lineage	F.1	#E25B2C
pango_lineage	G.1	#E25A2C
pango_lineage	H.1	#E2592C
pango_lineage	I.1	#E2582B
pango_lineage	J.1	#E2572B
pango_lineage	K.1	#E2552B
pango_lineage	K.2	#E1542B
pango_lineage	K.3	#E1532B
pango_lineage	L.1	#E1522A
pango_lineage	L.2	#E1512A
pango_lineage	L.3	#E14F2A
pango_lineage	L.4	#E04E2A
pango_lineage	M.1	#E04D29
pango_lineage	M.2	#E04C29
pango_lineage	M.3	#E04B29
pango_lineage	N.1	#E04A29
pango_lineage	N.2	#E04829
pango_lineage	N.3	#DF4728
pango_lineage	N.4	#DF4628
pango_lineage	N.5	#DF4528
pango_lineage	N.6	#DF4428
pango_lineage	N.7	#DF4227
pango_lineage	N.8	#DF4127
pango_lineage	N.9	#DF4027
pango_lineage	N.10	#DE3F27
pango_lineage	P.1	#DE3E27
pango_lineage	P.1.1	#DE3C26
pango_lineage	P.1.2	#DE3B26
pango_lineage	P.2	#DE3A26
pango_lineage	P.3	#DE3926
pango_lineage	R.1	#DD3826
pango_lineage	R.2	#DD3625
pango_lineage	S.1	#DD3525
pango_lineage	U.1	#DD3425
pango_lineage	U.2	#DD3325
pango_lineage	U.3	#DD3225
pango_lineage	V.1	#DD3024
pango_lineage	V.2	#DC2F24
pango_lineage	W.1	#DC2E24
pango_lineage	W.2	#DC2D24
pango_lineage	W.3	#DC2C23
pango_lineage	W.4	#DC2A23
pango_lineage	Y.1	#DC2923
pango_lineage	Z.1	#DB2823

